https://shikimori.one/mangas/2-berserk,Berserk,Берсерк,1989
https://shikimori.one/mangas/1706-jojo-no-kimyou-na-bouken-part-7-steel-ball-run,JoJo no Kimyou na Bouken Part 7: Steel Ball Run,Невероятное приключение ДжоДжо — Часть 7: Гонка «Стальной шар»,2004
https://shikimori.one/mangas/656-vagabond,Vagabond,Бродяга,1998
https://shikimori.one/mangas/z13-one-piece,One Piece,Ван-Пис,1997
https://shikimori.one/mangas/1-monster,Monster,Монстр,1994
https://shikimori.one/mangas/z51-slam-dunk,Slam Dunk,Слэм-данк,1990
https://shikimori.one/mangas/642-vinland-saga,Vinland Saga,Сага о Винланде,2005
https://shikimori.one/mangas/z25-fullmetal-alchemist,Fullmetal Alchemist,Стальной алхимик,2001
https://shikimori.one/mangas/70345-grand-blue,Grand Blue,Необъятный океан,2014
https://shikimori.one/mangas/4632-oyasumi-punpun,Oyasumi Punpun,"Спокойной ночи, Пунпун",2007
https://shikimori.one/mangas/16765-kingdom,Kingdom,Царство,2006
https://shikimori.one/mangas/44489-houseki-no-kuni,Houseki no Kuni,Страна самоцветов,2012
https://shikimori.one/mangas/3-20th-century-boys,20th Century Boys,Мальчишки двадцатого века,1999
https://shikimori.one/mangas/1303-ashita-no-joe,Ashita no Joe,Завтрашний Джо,1968
https://shikimori.one/mangas/657-real,Real,Реальность,1999
https://shikimori.one/mangas/90125-kaguya-sama-wa-kokurasetai-tensai-tachi-no-renai-zunousen,Kaguya-sama wa Kokurasetai: Tensai-tachi no Renai Zunousen,Госпожа Кагуя: в любви как на войне,2015
https://shikimori.one/mangas/336-gto,GTO,Крутой учитель Онидзука,1996
https://shikimori.one/mangas/104-yotsuba-to,Yotsuba to!,Ёцуба!,2003
https://shikimori.one/mangas/1224-3-gatsu-no-lion,3-gatsu no Lion,Мартовский лев,2007
https://shikimori.one/mangas/z56805-koe-no-katachi,Koe no Katachi,Форма голоса,2013
https://shikimori.one/mangas/34053-umineko-no-naku-koro-ni-chiru-episode-8-twilight-of-the-golden-witch,Umineko no Naku Koro ni Chiru - Episode 8: Twilight of the Golden Witch,Когда плачут чайки 8: Крах — Сумерки Золотой Ведьмы,2012
https://shikimori.one/mangas/z35243-haikyuu,Haikyuu!!,Волейбол!!,2012
https://shikimori.one/mangas/651-kaze-no-tani-no-nausicaa,Kaze no Tani no Nausicaa,Навсикая из Долины ветров,1982
https://shikimori.one/mangas/21525-akatsuki-no-yona,Akatsuki no Yona,Йона на заре,2009
https://shikimori.one/mangas/100448-jumyou-wo-kaitotte-moratta-ichinen-ni-tsuki-ichimanen-de,"Jumyou wo Kaitotte Moratta. Ichinen ni Tsuki, Ichimanen de.",Я распродал свою жизнь по 10000 иен за год,2016
https://shikimori.one/mangas/28-nana,Nana,Нана,2000
https://shikimori.one/mangas/z14483-uchuu-kyoudai,Uchuu Kyoudai,Космические братья,2007
https://shikimori.one/mangas/z91941-made-in-abyss,Made in Abyss,Созданный в Бездне,2012
https://shikimori.one/mangas/z44347-one-punch-man,One Punch-Man,Ванпанчмен,2012
https://shikimori.one/mangas/116778-chainsaw-man,Chainsaw Man,Человек-бензопила,2018
https://shikimori.one/mangas/z26-hunter-x-hunter,Hunter x Hunter,Охотник х Охотник,1998
https://shikimori.one/mangas/418-mushishi,Mushishi,Мастер муси,1999
https://shikimori.one/mangas/7375-kokou-no-hito,Kokou no Hito,Скалолаз,2007
https://shikimori.one/mangas/7-hajime-no-ippo,Hajime no Ippo,Первый шаг,1989
https://shikimori.one/mangas/145863-sayonara-eri,Sayonara Eri,"Прощай, Эри",2022
https://shikimori.one/mangas/72467-shoujo-shuumatsu-ryokou,Shoujo Shuumatsu Ryokou,Девушки в последнем путешествии,2014
https://shikimori.one/mangas/z21-death-note,Death Note,Тетрадь смерти,2003
https://shikimori.one/mangas/145-beck,Beck,Бек,2000
https://shikimori.one/mangas/45143-kono-oto-tomare,Kono Oto Tomare!,Задержи этот звук!,2012
https://shikimori.one/mangas/4-yokohama-kaidashi-kikou,Yokohama Kaidashi Kikou,Путевые заметки о поездке за покупками в Йокогаму,1994
https://shikimori.one/mangas/664-akira,Akira,Акира,1982
https://shikimori.one/mangas/1133-dorohedoro,Dorohedoro,Дорохедоро,2000
https://shikimori.one/mangas/126146-oshi-no-ko,"""Oshi no Ko""",Ребёнок идола,2020
https://shikimori.one/mangas/1859-natsume-yuujinchou,Natsume Yuujinchou,Тетрадь дружбы Нацумэ,2003
https://shikimori.one/mangas/121496-solo-leveling,Solo Leveling,Поднятие уровня в одиночку,2018
https://shikimori.one/mangas/125036-the-horizon,The Horizon,Горизонт,2016
https://shikimori.one/mangas/904-kozure-ookami,Kozure Ookami,Одинокий волк и детёныш,1970
https://shikimori.one/mangas/107931-blue-period,Blue Period,Голубой период,2017
https://shikimori.one/mangas/78523-relife,ReLIFE,Повторная жизнь,2013
https://shikimori.one/mangas/85968-golden-kamuy,Golden Kamuy,Золотое божество,2014
https://shikimori.one/mangas/81-aria,Aria,Ария,2002
https://shikimori.one/mangas/z44-gintama,Gintama,Гинтама,2003
https://shikimori.one/mangas/756-banana-fish,Banana Fish,Банановая рыба,1985
https://shikimori.one/mangas/123006-bungou-stray-dogs-beast,Bungou Stray Dogs: Beast,Великий из бродячих псов: Зверь,2019
https://shikimori.one/mangas/z60783-mob-psycho-100,Mob Psycho 100,Моб Психо 100,2012
https://shikimori.one/mangas/745-pluto,Pluto,Плутон,2003
https://shikimori.one/mangas/126287-sousou-no-frieren,Sousou no Frieren,Провожающая в последний путь Фрирен,2020
https://shikimori.one/mangas/102256-ao-ashi,Ao Ashi,Ао Аси,2015
https://shikimori.one/mangas/144267-kaoru-hana-wa-rin-to-saku,Kaoru Hana wa Rin to Saku,Благоухающий цветок расцветает с достоинством,2021
https://shikimori.one/mangas/114043-umarekawattemo-mata-watashi-to-kekkon-shitekuremasu-ka,"Umarekawattemo Mata, Watashi to Kekkon shitekuremasu ka","Выйдешь ли ты за меня опять, если переродишься?",2017
https://shikimori.one/mangas/1325-hi-no-tori-1967,Hi no Tori (1967),Жар-птица (1967),1966
https://shikimori.one/mangas/139629-jojo-no-kimyou-na-bouken-part-9-the-jojolands,JoJo no Kimyou na Bouken Part 9: The JoJoLands,Невероятное приключение ДжоДжо — Часть 9: Земли ДжоДжо,2023
https://shikimori.one/mangas/132678-veil,Veil,Вуаль,2019
https://shikimori.one/mangas/100035-tongari-boushi-no-atelier,Tongari Boushi no Atelier,Ателье колдовских колпаков,2016
https://shikimori.one/mangas/z37707-shigatsu-wa-kimi-no-uso,Shigatsu wa Kimi no Uso,Твоя апрельская ложь,2011
https://shikimori.one/mangas/698-neon-genesis-evangelion,Neon Genesis Evangelion,Евангелион нового поколения,1994
https://shikimori.one/mangas/23900-umineko-no-naku-koro-ni-chiru-episode-7-requiem-of-the-golden-witch,Umineko no Naku Koro ni Chiru - Episode 7: Requiem of the Golden Witch,Когда плачут чайки 7: Крах — Реквием Золотой Ведьмы,2011
https://shikimori.one/mangas/105084-jibaku-shounen-hanako-kun,Jibaku Shounen Hanako-kun,Туалетный мальчик Ханако,2014
https://shikimori.one/mangas/3006-jojo-no-kimyou-na-bouken-part-4-diamond-wa-kudakenai,JoJo no Kimyou na Bouken Part 4: Diamond wa Kudakenai,Невероятное приключение ДжоДжо — Часть 4: Несокрушимый алмаз,1992
https://shikimori.one/mangas/103237-wind-breaker,Wind Breaker,Ветролом,2013
https://shikimori.one/mangas/3031-pandora-hearts,Pandora Hearts,Сердца Пандоры,2006
https://shikimori.one/mangas/z610-skip-beat,Skip Beat!,Не сдавайся!,2002
https://shikimori.one/mangas/11514-otoyomegatari,Otoyomegatari,Истории молодой невесты,2008
https://shikimori.one/mangas/13245-chihayafuru,Chihayafuru,Яркая Тихая,2007
https://shikimori.one/mangas/11327-one-outs,One Outs,Один на вылет,1998
https://shikimori.one/mangas/114745-blue-lock,Blue Lock,Синяя тюрьма: Блю Лок,2018
https://shikimori.one/mangas/121213-kimi-wa-houkago-insomnia,Kimi wa Houkago Insomnia,Бессонница после школы,2019
https://shikimori.one/mangas/118289-skip-to-loafer,Skip to Loafer,Долой безделье!,2018
https://shikimori.one/mangas/61579-tobaku-datenroku-kaiji-one-poker-hen,Tobaku Datenroku Kaiji: One Poker-hen,Кайдзи: Хроники азартных игр — Покер,2013
https://shikimori.one/mangas/23390-shingeki-no-kyojin,Shingeki no Kyojin,Атака титанов,2009
https://shikimori.one/mangas/214-kidou-senshi-gundam-the-origin,Kidou Senshi Gundam: The Origin,Мобильный воин Гандам: Происхождение,2001
https://shikimori.one/mangas/11734-watashitachi-no-shiawase-na-jikan,Watashitachi no Shiawase na Jikan,Часы нашего счастья,2008
https://shikimori.one/mangas/44307-kakukaku-shikajika,Kakukaku Shikajika,Бла-бла-бла,2011
https://shikimori.one/mangas/113138-jujutsu-kaisen,Jujutsu Kaisen,Магическая битва,2018
https://shikimori.one/mangas/33327-tokyo-ghoul,Tokyo Ghoul,Токийский гуль,2011
https://shikimori.one/mangas/56529-bungou-stray-dogs,Bungou Stray Dogs,Великий из бродячих псов,2012
https://shikimori.one/mangas/z113010-bakemonogatari,Bakemonogatari,Истории монстров,2018
https://shikimori.one/mangas/5744-ping-pong,Ping Pong,Пинг-понг,1996
https://shikimori.one/mangas/137303-hirayasumi,Hirayasumi,Хираясуми,2021
https://shikimori.one/mangas/88639-ohayou-ibarahime,"Ohayou, Ibarahime","Доброе утро, маленькая кустарниковая роза",2014
https://shikimori.one/mangas/38071-spirit-circle,Spirit Circle,Кольцо духов,2012
https://shikimori.one/mangas/46282-chikan-otoko,Chikan Otoko,Преследователь,2004
https://shikimori.one/mangas/30-ouran-koukou-host-club,Ouran Koukou Host Club,Клуб свиданий старшей школы Оран,2002
https://shikimori.one/mangas/92299-berserk-shinen-no-kami-2,Berserk: Shinen no Kami 2,Берсерк: Бог хаоса II,1996
https://shikimori.one/mangas/104538-kimi-no-suizou-wo-tabetai,Kimi no Suizou wo Tabetai,Я хочу съесть твою поджелудочную,2016
https://shikimori.one/mangas/87844-the-fable,The Fable,Басня,2014
https://shikimori.one/mangas/1183-cross-game,Cross Game,Перекрёстная игра,2005
https://shikimori.one/mangas/z1469-glass-no-kamen,Glass no Kamen,Стеклянная маска,1976
https://shikimori.one/mangas/25515-jojo-no-kimyou-na-bouken-part-8-jojolion,JoJo no Kimyou na Bouken Part 8: JoJolion,Невероятное приключение ДжоДжо — Часть 8: Джоджолион,2011
https://shikimori.one/mangas/43-eyeshield-21,Eyeshield 21,Айшилд  21,2002
https://shikimori.one/mangas/6812-kyou-kara-ore-wa,Kyou kara Ore wa!!,С сегодняшнего дня!,1988
https://shikimori.one/mangas/7482-rainbow-nisha-rokubou-no-shichinin,Rainbow: Nisha Rokubou no Shichinin,Радуга: Семеро из шестой камеры второго блока,2002
https://shikimori.one/mangas/z7519-kami-nomi-zo-shiru-sekai,Kami nomi zo Shiru Sekai,Одному лишь Богу ведомый мир,2008
https://shikimori.one/mangas/36413-hinamatsuri,Hinamatsuri,Праздник кукол,2010
https://shikimori.one/mangas/3285-holyland,Holyland,Священная  земля,2000
https://shikimori.one/mangas/100323-yuukoku-no-moriarty,Yuukoku no Moriarty,Патриотизм Мориарти,2016
https://shikimori.one/mangas/107562-kusuriya-no-hitorigoto,Kusuriya no Hitorigoto,Монолог фармацевта,2017
https://shikimori.one/mangas/62795-tomodachi-game,Tomodachi Game,Игра друзей,2013
https://shikimori.one/mangas/129621-medalist,Medalist,Медалистка,2020
https://shikimori.one/mangas/z121504-yubisaki-to-renren,Yubisaki to Renren,Любовь с кончиков пальцев,2019
https://shikimori.one/mangas/29211-gekkan-shoujo-nozaki-kun,Gekkan Shoujo Nozaki-kun,Ежемесячное сёдзё Нодзаки,2011
https://shikimori.one/mangas/42451-horimiya,Horimiya,Хоримия,2011
https://shikimori.one/mangas/658-mugen-no-juunin,Mugen no Juunin,Клинок Бессмертного,1993
https://shikimori.one/mangas/138533-nan-hao-shang-feng,Nan Hao Shang Feng,Хао Нань и Фэн Шан,2021
https://shikimori.one/mangas/419-nodame-cantabile,Nodame Cantabile,Нодамэ Кантабиле,2001
https://shikimori.one/mangas/768-gunnm,Gunnm,Боевой ангел Алита,1990
https://shikimori.one/mangas/3572-tobaku-mokushiroku-kaiji,Tobaku Mokushiroku Kaiji,Кайдзи,1996
https://shikimori.one/mangas/8967-onanie-master-kurosawa,Onanie Master Kurosawa,Мастер вздрочки Куросава,2007
https://shikimori.one/mangas/117851-shimeji-simulation,Shimeji Simulation,Симуляция Симэдзи,2019
https://shikimori.one/mangas/3573-tobaku-hakairoku-kaiji,Tobaku Hakairoku Kaiji,Кайдзи: Хроники нарушителя заповедей азартных игр,2000
https://shikimori.one/mangas/110160-mata-onaji-yume-wo-miteita,"Mata, Onaji Yume wo Miteita",Я снова видела тот самый сон,2017
https://shikimori.one/mangas/6164-my-girl,My Girl,Моя девочка,2006
https://shikimori.one/mangas/9982-usogui,Usogui,Пожиратель лжи,2006
https://shikimori.one/mangas/974-basara,Basara,Басара,1990
https://shikimori.one/mangas/33031-imawa-no-kuni-no-alice,Imawa no Kuni no Alice,Алиса в Пограничье,2010
https://shikimori.one/mangas/24692-noragami,Noragami,Бездомный бог,2010
https://shikimori.one/mangas/85781-dungeon-meshi,Dungeon Meshi,Подземелье вкусностей,2014
https://shikimori.one/mangas/87397-shiori-experience-jimi-na-watashi-to-hen-na-ojisan,Shiori Experience: Jimi na Watashi to Hen na Ojisan,Shiori Experience: Незаурядный Джими и заурядная Я,2013
https://shikimori.one/mangas/110771-toshokan-no-daimajutsushi,Toshokan no Daimajutsushi,Маг из библиотеки,2017
https://shikimori.one/mangas/2921-kaichou-wa-maid-sama,Kaichou wa Maid-sama!,Президент студсовета — горничная!,2005
https://shikimori.one/mangas/9711-bakuman,Bakuman.,Бакуман,2008
https://shikimori.one/mangas/94376-yuru-camp,Yuru Camp△,Лагерь на свежем воздухе,2015
https://shikimori.one/mangas/z87609-tensei-shitara-slime-datta-ken,Tensei shitara Slime Datta Ken,О моём перерождении в слизь,2015
https://shikimori.one/mangas/48621-koe-no-katachi,Koe no Katachi,Форма голоса,2011
https://shikimori.one/mangas/99314-kimi-no-na-wa,Kimi no Na wa.,Твоё имя,2016
https://shikimori.one/mangas/106-cardcaptor-sakura,Cardcaptor Sakura,Сакура — собирательница карт,1996
https://shikimori.one/mangas/10-xxxholic,xxxHOLiC,Триплексоголик,2003
https://shikimori.one/mangas/122663-tower-of-god,Tower of God,Башня Бога,2010
https://shikimori.one/mangas/115730-shadows-house,Shadows House,Дом теней,2018
https://shikimori.one/mangas/z39325-boku-dake-ga-inai-machi,Boku dake ga Inai Machi,"Город, в котором меня нет",2012
https://shikimori.one/mangas/138673-look-back,Look Back,Оглянись,2021
https://shikimori.one/mangas/3082-nichijou,Nichijou,Мелочи жизни,2006
https://shikimori.one/mangas/z85-azumanga-daioh,Azumanga Daioh,Адзуманга Дайо,1999
https://shikimori.one/mangas/1111-buddha,Buddha,Будда,1972
https://shikimori.one/mangas/3281-hadashi-no-gen,Hadashi no Gen,Босоногий Гэн,1973
https://shikimori.one/mangas/48347-ballroom-e-youkoso,Ballroom e Youkoso,Сквозь бальный зал,2011
https://shikimori.one/mangas/z660-versailles-no-bara,Versailles no Bara,Роза Версаля,1972
https://shikimori.one/mangas/61189-mahoutsukai-no-yome,Mahoutsukai no Yome,Невеста чародея,2013
https://shikimori.one/mangas/869-konjiki-no-gash,Konjiki no Gash!!,Златовласый Гаш Белл,2001
https://shikimori.one/mangas/3571-ten-tenhou-doori-no-kaidanji,Ten: Tenhou-doori no Kaidanji,"Тэн: Парни, идущие дорогой тэнхо",1989
https://shikimori.one/mangas/58141-machida-kun-no-sekai,Machida-kun no Sekai,Мир Матиды,2013
https://shikimori.one/mangas/923-kanata-kara,Kanata kara,Издалека,1991
https://shikimori.one/mangas/1600-black-jack,Black Jack,Чёрный Джек,1973
https://shikimori.one/mangas/12471-daichouhen-doraemon,Daichouhen Doraemon,Длинные истории о Дораэмоне,1980
https://shikimori.one/mangas/42001-song-of-the-long-march,Song of the Long March,Путешествия Чан Гэ,2011
https://shikimori.one/mangas/1013-touch,Touch,Касание,1981
https://shikimori.one/mangas/102343-fumetsu-no-anata-e,Fumetsu no Anata e,"Для тебя, Бессмертный",2016
https://shikimori.one/mangas/3575-saikyou-densetsu-kurosawa,Saikyou Densetsu Kurosawa,Легенда о сильнейшем из мужчин Куросаве,2003
https://shikimori.one/mangas/10552-hoshi-no-samidare,Hoshi no Samidare,Люцифер и Бисквитный Молот,2005
https://shikimori.one/mangas/104241-mairimashita-iruma-kun,Mairimashita! Iruma-kun,"Добро пожаловать в ад, Ирума!",2017
https://shikimori.one/mangas/98436-youjo-senki,Youjo Senki,Военная хроника маленькой девочки,2016
https://shikimori.one/mangas/320-gakuen-alice,Gakuen Alice,Школа Элис,2002
https://shikimori.one/mangas/895-full-metal-panic-sigma,Full Metal Panic! Sigma,Стальная тревога: Сигма,2005
https://shikimori.one/mangas/40761-ookami-kodomo-no-ame-to-yuki,Ookami Kodomo no Ame to Yuki,Волчьи дети Амэ и Юки,2012
https://shikimori.one/mangas/31-lovely-complex,Lovely★Complex,Трогательный комплекс,2001
https://shikimori.one/mangas/25096-gin-no-saji,Gin no Saji,Серебряная ложка,2011
https://shikimori.one/mangas/145539-seasons-of-blossom,Seasons of Blossom,Расцвет молодости,2020
https://shikimori.one/mangas/49835-gochuumon-wa-usagi-desu-ka,Gochuumon wa Usagi desu ka?,Заказывали кролика?,2011
https://shikimori.one/mangas/443-mars,Mars,Марс,1996
https://shikimori.one/mangas/2895-piano-no-mori,Piano no Mori,Рояль в лесу,1998
https://shikimori.one/mangas/62023-mushishi-tokubetsu-hen-hihamukage,Mushishi Tokubetsu-hen: Hihamukage,"Мастер муси: Тень, поглотившая солнце",2013
https://shikimori.one/mangas/736-shin-angyo-onshi,Shin Angyo Onshi,Повелитель призраков,2001
https://shikimori.one/mangas/112774-ojisama-to-neko,Ojisama to Neko,Старик и котёнок,2017
https://shikimori.one/mangas/118568-bocchi-the-rock,Bocchi the Rock!,Одинокий рокер!,2017
https://shikimori.one/mangas/106809-koko-wa-ima-kara-rinri-desu,Koko wa Ima kara Rinri desu.,Начнём урок этики,2016
https://shikimori.one/mangas/14236-love-so-life,Love So Life,Любовь как жизнь,2008
https://shikimori.one/mangas/35573-orange,Orange,Орендж,2012
https://shikimori.one/mangas/123444-teito-seihai-kitan-fate-type-redline,Teito Seihai Kitan: Fate/type Redline,Судьба/Линия фронта: Предание о Граале в имперской столице,2019
https://shikimori.one/mangas/47022-sakamichi-no-apollon-bonus-track,Sakamichi no Apollon: Bonus Track,Дети на холме: Бонусный трек,2012
https://shikimori.one/mangas/9-tsubasa-reservoir-chronicle,Tsubasa: RESERVoir CHRoNiCLE,Хроника крыльев,2003
https://shikimori.one/mangas/18-kodomo-no-omocha,Kodomo no Omocha,Детская игрушка,1994
https://shikimori.one/mangas/79-sora-wa-akai-kawa-no-hotori,Sora wa Akai Kawa no Hotori,Красная река,1995
https://shikimori.one/mangas/149-blame,Blame!,Блейм!,1997
https://shikimori.one/mangas/112318-jigokuraku,Jigokuraku,Адский рай,2018
https://shikimori.one/mangas/17910-yomawari-sensei,Yomawari Sensei,Ночной патруль учителя,2004
https://shikimori.one/mangas/37755-saiki-kusuo-no-nan,Saiki Kusuo no Ψ-nan,Ох уж этот экстрасенс Сайки Кусуо!,2012
https://shikimori.one/mangas/84983-chichi-to-hige-gorilla-to-watashi,Chichi to Hige-Gorilla to Watashi,"Папа, Небритая Горилла и я",2011
https://shikimori.one/mangas/57-hanazakari-no-kimitachi-e,Hanazakari no Kimitachi e,Для тебя во всём цвету,1996
https://shikimori.one/mangas/29-paradise-kiss,Paradise Kiss,Ателье «Райский поцелуй»,1999
https://shikimori.one/mangas/762-tokyo-crazy-paradise,Tokyo Crazy Paradise,"Токио, сумасшедший рай",1996
https://shikimori.one/mangas/1061-detective-conan,Detective Conan,Детектив Конан,1994
https://shikimori.one/mangas/5255-dengeki-daisy,Dengeki Daisy,Мобильная маргаритка,2007
https://shikimori.one/mangas/6520-hana-to-akuma,Hana to Akuma,Дьявол и Хана,2007
https://shikimori.one/mangas/15306-takemitsuzamurai,Takemitsuzamurai,Самурай бамбукового меча,2006
https://shikimori.one/mangas/72025-kengan-ashura,Kengan Ashura,Кэнган Асура,2012
https://shikimori.one/mangas/16922-gakuen-babysitters,Gakuen Babysitters,Школьные няни,2009
https://shikimori.one/mangas/481-planetes,Planetes,Странники,1999
https://shikimori.one/mangas/24-d-gray-man,D.Gray-man,Ди Грэй-мен,2004
https://shikimori.one/mangas/1649-liar-game,Liar Game,Игра лжецов,2005
https://shikimori.one/mangas/3378-kimi-ni-todoke,Kimi ni Todoke,Достучаться до тебя,2005
https://shikimori.one/mangas/735-black-lagoon,Black Lagoon,Пираты «Чёрной лагуны»,2002
https://shikimori.one/mangas/1009-hachimitsu-to-clover,Hachimitsu to Clover,Мёд и клевер,2000
https://shikimori.one/mangas/7776-toaru-majutsu-no-index-gaiden-toaru-kagaku-no-railgun,Toaru Majutsu no Index Gaiden: Toaru Kagaku no Railgun,Некий научный Рейлган,2007
https://shikimori.one/mangas/1097-saiyuuki-gaiden,Saiyuuki Gaiden,Саюки: Истоки,1999
https://shikimori.one/mangas/14790-magi,Magi,Маги,2009
https://shikimori.one/mangas/108566-machikado-mazoku,Machikado Mazoku,Городская дьяволица,2014
https://shikimori.one/mangas/81117-tokyo-ghoul-re,Tokyo Ghoul:re,Токийский гуль: Перерождение,2014
https://shikimori.one/mangas/26704-shouwa-genroku-rakugo-shinjuu,Shouwa Genroku Rakugo Shinjuu,Сёва-Гэнроку: Двойное самоубийство по ракуго,2010
https://shikimori.one/mangas/119022-kage-no-jitsuryokusha-ni-naritakute,Kage no Jitsuryokusha ni Naritakute!,Восхождение в тени!,2018
https://shikimori.one/mangas/135496-dandadan,Dandadan,Дандадан,2021
https://shikimori.one/mangas/149493-daytime-star,Daytime Star,Звёздный свет,2021
https://shikimori.one/mangas/23571-sunny,Sunny,Санни,2010
https://shikimori.one/mangas/24308-no-6,No.6,Шестая зона,2011
https://shikimori.one/mangas/z1047-saint-seiya-the-lost-canvas-meiou-shinwa,Saint Seiya: The Lost Canvas - Meiou Shinwa,Святой Сэйя: Потерянный холст,2006
https://shikimori.one/mangas/103701-beastars,Beastars,Выдающиеся звери,2016
https://shikimori.one/mangas/96044-taishou-otome-otogibanashi,Taishou Otome Otogibanashi,Сказка о девушке эпохи Тайсё,2015
https://shikimori.one/mangas/4625-kamigami-no-itadaki,Kamigami no Itadaki,Вершина богов,2000
https://shikimori.one/mangas/z39883-ansatsu-kyoushitsu,Ansatsu Kyoushitsu,Класс убийц,2012
https://shikimori.one/mangas/731-eden-it-s-an-endless-world,Eden: It's an Endless World!,Эдем: Бесконечный мир!,1997
https://shikimori.one/mangas/704-trigun-maximum,Trigun Maximum,Триган: Максимум,1997
https://shikimori.one/mangas/21054-touhou-ibara-kasen-wild-and-horned-hermit,Touhou Ibara Kasen: Wild and Horned Hermit.,Тохо Ибаракасэн: Дикий и рогатый отшельник,2010
https://shikimori.one/mangas/3009-jojo-no-kimyou-na-bouken-part-6-stone-ocean,JoJo no Kimyou na Bouken Part 6: Stone Ocean,Невероятное приключение ДжоДжо — Часть 6: Каменный океан,1999
https://shikimori.one/mangas/4453-hitsugikatsugi-no-kuro-kaichu-tabi-no-wa,Hitsugikatsugi no Kuro.: Kaichu Tabi no Wa,"Куро, Гроб-за-плечами",2004
https://shikimori.one/mangas/17904-kuragehime,Kuragehime,Принцесса-медуза,2008
https://shikimori.one/mangas/43915-feng-shen-ji-ii,Feng Shen Ji II,Легенды и герои 2,2011
https://shikimori.one/mangas/44711-feng-shen-ji-iii,Feng Shen Ji III,Легенды и герои 3,2012
https://shikimori.one/mangas/112115-act-age,Act-age,Картина на века,2018
https://shikimori.one/mangas/1802-cat-street,Cat Street,Бродячая кошка,2004
https://shikimori.one/mangas/4571-akagami-no-shirayuki-hime,Akagami no Shirayuki-hime,Красноволосая принцесса Белоснежка,2006
https://shikimori.one/mangas/1461-sanctuary,Sanctuary,Святилище,1990
https://shikimori.one/mangas/158-ghost-hunt,Ghost Hunt,Охота на привидений,1997
https://shikimori.one/mangas/348-genshiken,Genshiken,Гэнсикэн,2002
https://shikimori.one/mangas/62547-yugami-kun-ni-wa-tomodachi-ga-inai,Yugami-kun ni wa Tomodachi ga Inai,У Югами нет друзей,2012
https://shikimori.one/mangas/445-shonan-junai-gumi,Shonan Junai Gumi!,Крутой учитель Онидзука: Ранние годы,1990
https://shikimori.one/mangas/915-rookies,Rookies,Новички,1998
https://shikimori.one/mangas/58027-tsurezure-children,Tsurezure Children,Признания,2014
https://shikimori.one/mangas/148542-akuyaku-reijou-no-naka-no-hito-danzai-sareta-tenseisha-no-tame-usotsuki-heroine-ni-fukushuu-itashimasu,Akuyaku Reijou no Naka no Hito: Danzai sareta Tenseisha no Tame Usotsuki Heroine ni Fukushuu Itashimasu,Душа внутри злодейской дочери,2021
https://shikimori.one/mangas/3731-solanin,Solanin,Соланин,2005
https://shikimori.one/mangas/5651-crows,Crows,Вороны,1990
https://shikimori.one/mangas/26736-taiyou-no-ie,Taiyou no Ie,Солнечный дом,2010
https://shikimori.one/mangas/26144-danshi-koukousei-no-nichijou,Danshi Koukousei no Nichijou,Повседневная жизнь старшеклассников,2009
https://shikimori.one/mangas/14531-gto-shonan-14-days,GTO: Shonan 14 Days,Крутой учитель Онидзука: 14 дней в Сёнане,2009
https://shikimori.one/mangas/70801-dead-dead-demons-dededede-destruction,Dead Dead Demons Dededede Destruction,Мёртвые-мёртвые демоны,2014
https://shikimori.one/mangas/44523-touhou-suzunaan-forbidden-scrollery,Touhou Suzunaan: Forbidden Scrollery.,Восточная анахоретная колокольня: Запретные свитки,2012
https://shikimori.one/mangas/16593-private-opinion-banana-fish-another-story,Private Opinion: Banana Fish Another Story,Банановая рыба: Личное мнение,1995
https://shikimori.one/mangas/103989-kaichou-wa-maid-sama-marriage,Kaichou wa Maid-sama!: Marriage,Президент студсовета — горничная! В браке,2013
https://shikimori.one/mangas/375-initial-d,Initial D,Инициал Ди,1995
https://shikimori.one/mangas/4258-hikari-to-tomo-ni-jiheishouji-wo-kakaete,Hikari to Tomo ni...: Jiheishouji wo Kakaete,Вместе со светом: Воспитание аутичного ребёнка,2000
https://shikimori.one/mangas/510-saiyuuki-reload,Saiyuuki Reload,Саюки: Перезарядка,2002
https://shikimori.one/mangas/585-hourou-musuko,Hourou Musuko,Блудный сын,2002
https://shikimori.one/mangas/z10884-diamond-no-ace,Diamond no Ace,Путь аса,2006
https://shikimori.one/mangas/107548-steins-gate-0,Steins;Gate 0,Врата Штейна 0,2017
https://shikimori.one/mangas/z24705-aku-no-hana,Aku no Hana,Цветы зла,2009
https://shikimori.one/mangas/77637-helck,Helck,Хельк,2014
https://shikimori.one/mangas/27231-hirunaka-no-ryuusei,Hirunaka no Ryuusei,Дневной звездопад,2011
https://shikimori.one/mangas/z17552-non-non-biyori,Non Non Biyori,Деревенская глубинка,2009
https://shikimori.one/mangas/1075-7-seeds,7 Seeds,7 семян,2001
https://shikimori.one/mangas/92-bishoujo-senshi-sailor-moon,Bishoujo Senshi Sailor Moon,Красавица-воин Сейлор Мун,1991
https://shikimori.one/mangas/15805-tasogare-otome-x-amnesia,Tasogare Otome x Amnesia,Амнезия сумеречной девы,2008
https://shikimori.one/mangas/147272-the-greatest-estate-developer,The Greatest Estate Developer,Система всемогущего дизайнера,2021
https://shikimori.one/mangas/8070-sengoku-youko,Sengoku Youko,Ёко из Сэнгоку,2007
https://shikimori.one/mangas/112589-tonikaku-kawaii,Tonikaku Kawaii,Унеси меня на Луну,2018
https://shikimori.one/mangas/5711-megumi-no-daigo,Megumi no Daigo,Дайго из пожарной команды,1995
https://shikimori.one/mangas/18074-getter-robo-saga,Getter Robo Saga,Робот Геттер. Сага,
https://shikimori.one/mangas/1014-h2,H2,Х2,1992
https://shikimori.one/mangas/10865-touhou-shinigami-meteor-methuselah-gaiden,Touhou Shinigami: Meteor Methuselah Gaiden,Бессмертный Рейн: Синигами Востока,2004
https://shikimori.one/mangas/30315-last-game,Last Game,Последняя битва,2011
https://shikimori.one/mangas/45947-nukozuke,Nukozuke!,Герцог Нук,2012
https://shikimori.one/mangas/1695-adolf-ni-tsugu,Adolf ni Tsugu,Адольф,1982
https://shikimori.one/mangas/z3042-soredemo-machi-wa-mawatteiru,Soredemo Machi wa Mawatteiru,А всё-таки город вертится,2005
https://shikimori.one/mangas/994-ookiku-furikabutte,Ookiku Furikabutte,Замахнись сильнее,2003
https://shikimori.one/mangas/3715-the-one,The One,Номер один,2005
https://shikimori.one/mangas/146878-return-of-the-blossoming-blade,Return of the Blossoming Blade,Возрождение Хуашань,2021
https://shikimori.one/mangas/3008-jojo-no-kimyou-na-bouken-part-5-ougon-no-kaze,JoJo no Kimyou na Bouken Part 5: Ougon no Kaze,Невероятное приключение ДжоДжо — Часть 5: Золотой ветер,1995
https://shikimori.one/mangas/112694-fushigi-neko-no-kyuu-chan,Fushigi Neko no Kyuu-chan,Чудесный котик Кю,2018
https://shikimori.one/mangas/117840-ase-to-sekken,Ase to Sekken,Пот и мыло,2018
https://shikimori.one/mangas/35733-ano-hi-mita-hana-no-namae-wo-bokutachi-wa-mada-shiranai,Ano Hi Mita Hana no Namae wo Bokutachi wa Mada Shiranai.,Невиданный цветок,2012
https://shikimori.one/mangas/z36131-fate-kaleid-liner-prisma-illya-3rei,Fate/kaleid liner Prisma☆Illya 3rei!!,Судьба/Девочка-волшебница Иллия 3,2012
https://shikimori.one/mangas/705-shingetsutan-tsukihime,Shingetsutan Tsukihime,Повесть о лунной принцессе,2003
https://shikimori.one/mangas/8144-sora-no-otoshimono,Sora no Otoshimono,Утраченное небесами,2007
https://shikimori.one/mangas/46010-xxxholic-rei,xxxHOLiC: Rei,Триплексоголик: Рэй,2013
https://shikimori.one/mangas/130832-your-throne,Your Throne,"Я хочу стать тобой, пускай и всего на день",2020
https://shikimori.one/mangas/67401-fukigen-na-mononokean,Fukigen na Mononokean,Угрюмый заклинатель духов,2013
https://shikimori.one/mangas/147692-i-shall-master-this-family,I Shall Master This Family,Я стану хозяйкой этой жизни,2021
https://shikimori.one/mangas/58007-shingeki-no-kyojin-kuinaki-sentaku,Shingeki no Kyojin: Kuinaki Sentaku,Атака титанов: Выбор без сожалений,2013
https://shikimori.one/mangas/124470-re-zero-kara-hajimeru-isekai-seikatsu-dai-4-shou-seiiki-to-gouyoku-no-majo,Re:Zero kara Hajimeru Isekai Seikatsu: Dai-4 Shou - Seiiki to Gouyoku no Majo,Re:Zero. Жизнь с нуля в альтернативном мире — Глава четвёртая. Святилище и ведьма жадности,2019
https://shikimori.one/mangas/115746-shinai-naru-boku-e-satsui-wo-komete,Shinai naru Boku e Satsui wo Komete,Моё дорогое «я» со злым умыслом,2018
https://shikimori.one/mangas/121480-yofukashi-no-uta,Yofukashi no Uta,Песнь ночных сов,2019
https://shikimori.one/mangas/792-city-hunter,City Hunter,Городской охотник,1985
https://shikimori.one/mangas/z17-kareshi-kanojo-no-jijou,Kareshi Kanojo no Jijou,С его стороны — с её стороны,1995
https://shikimori.one/mangas/929-fushigi-yuugi-genbu-kaiden,Fushigi Yuugi: Genbu Kaiden,Таинственная игра: История Гэмбу,2003
https://shikimori.one/mangas/688-maison-ikkoku,Maison Ikkoku,Доходный дом Иккоку,1980
https://shikimori.one/mangas/z8557-kimi-to-boku,Kimi to Boku.,Ты и я,2004
https://shikimori.one/mangas/9546-capeta,Capeta,Скоростная формула,2003
https://shikimori.one/mangas/10978-major,Major,Мэйджор,1994
https://shikimori.one/mangas/11850-keishichou-tokuhanka-007,Keishichou Tokuhanka 007,Отдел департамента по делам особых преступлений «007»,2006
https://shikimori.one/mangas/43913-feng-shen-ji,Feng Shen Ji,Легенды и герои,2010
https://shikimori.one/mangas/20242-binbougami-ga,Binbougami ga!,Нищебог же!,2008
https://shikimori.one/mangas/80375-otouto-no-otto,Otouto no Otto,Муж моего брата,2014
https://shikimori.one/mangas/463-nhk-ni-youkoso,NHK ni Youkoso!,Добро пожаловать в NHK,2003
https://shikimori.one/mangas/729-emma,Emma,Эмма,2001
https://shikimori.one/mangas/1110-shiawase-kissa-3-choume,Shiawase Kissa 3-choume,Кофейня счастья с третьей улицы,2004
https://shikimori.one/mangas/3097-futatsu-no-spica,Futatsu no Spica,Двойная Спика,2001
https://shikimori.one/mangas/1630-jojo-no-kimyou-na-bouken-part-2-sentou-chouryuu,JoJo no Kimyou na Bouken Part 2: Sentou Chouryuu,Невероятное приключение ДжоДжо — Часть 2: Склонность к битвам,1987
https://shikimori.one/mangas/21467-hoshi-mamoru-inu,Hoshi Mamoru Inu,"Пёс, смотрящий на звёзды",2008
https://shikimori.one/mangas/44319-mahou-shoujo-madoka-magica-the-different-story,Mahou Shoujo Madoka★Magica: The Different Story,Девочка-волшебница Мадока★Волшебство: Другая история,2012
https://shikimori.one/mangas/98374-cardcaptor-sakura-clear-card-hen,Cardcaptor Sakura: Clear Card-hen,Сакура — собирательница карт: Прозрачные карты,2016
https://shikimori.one/mangas/z24294-ao-haru-ride,Ao Haru Ride,Неудержимая юность,2011
https://shikimori.one/mangas/770-gunnm-last-order,Gunnm: Last Order,Боевой ангел Алита: Последний приказ,2001
https://shikimori.one/mangas/z1258-higurashi-no-naku-koro-ni-watanagashi-hen,Higurashi no Naku Koro ni: Watanagashi-hen,Когда плачут цикады: Глава о хлопковых корабликах,2005
https://shikimori.one/mangas/26769-bokura-wa-minna-kawai-sou,Bokura wa Minna Kawai-sou,Все мы живём в общежитии Кавай,2010
https://shikimori.one/mangas/99007-komi-san-wa-comyushou-desu,"Komi-san wa, Comyushou desu.",У Коми проблемы с общением,2016
https://shikimori.one/mangas/133431-uma-musume-cinderella-gray,Uma Musume Cinderella Gray,Девушки-пони: Золушка Грей,2020
https://shikimori.one/mangas/1101-akumetsu,Akumetsu,Акумэцу,2002
https://shikimori.one/mangas/7749-oresama-teacher,Oresama Teacher,Мой учитель,2007
https://shikimori.one/mangas/7760-hanma-baki,Hanma Baki,Баки — сын Великана,2005
https://shikimori.one/mangas/10010-beelzebub,Beelzebub,Вельзепуз,2009
https://shikimori.one/mangas/8300-baby-steps,Baby Steps,Первые шаги,2007
https://shikimori.one/mangas/10443-bakuon-rettou,Bakuon Rettou,Ревущий остров,2002
https://shikimori.one/mangas/44501-high-score-girl,High Score Girl,Девчонка не промах,2010
https://shikimori.one/mangas/118804-ikoku-nikki,Ikoku Nikki,Дневник разных стран,2017
https://shikimori.one/mangas/125052-yamada-kun-to-lv999-no-koi-wo-suru,Yamada-kun to Lv999 no Koi wo Suru,Моя любовь девятьсот девяносто девятого уровня к Ямаде,2019
https://shikimori.one/mangas/35171-can-t-see-can-t-hear-but-love,Can't See Can't Hear But Love,"Не вижу, не слышу, но люблю",2010
https://shikimori.one/mangas/96573-something-about-us,Something About Us,Отношения между нами...,2014
https://shikimori.one/mangas/7010-ng-life,NG Life,Н.Г. Жизнь,2006
https://shikimori.one/mangas/128594-one-piece-episode-a,One Piece: Episode A,Ван-Пис: История Эйса,2020
https://shikimori.one/mangas/143031-aishiteru-game-wo-owarasetai,Aishiteru Game wo Owarasetai,Я хочу закончить эту игру любви,2021
https://shikimori.one/mangas/139104-hikaeme-ni-ittemo-kore-wa-ai,"Hikaeme ni Ittemo, Kore wa Ai","Проще говоря, это любовь",2021
https://shikimori.one/mangas/162479-kagurabachi,Kagurabachi,Кагурабати,2023
https://shikimori.one/mangas/147062-see-you-in-my-19th-life,See You in My 19th Life,Позаботься обо мне и в этой жизни,2020
https://shikimori.one/mangas/20-hikaru-no-go,Hikaru no Go,Хикару и го,1998
https://shikimori.one/mangas/1218-akagi-yami-ni-oritatta-tensai,Akagi: Yami ni Oritatta Tensai,"Акаги, легенда маджонга",1991
https://shikimori.one/mangas/3403-rosario-to-vampire-season-ii,Rosario to Vampire: Season II,Розарио + Вампир II,2007
https://shikimori.one/mangas/339-sakigake-cromartie-koukou,Sakigake!! Cromartie Koukou,Кромешная путяга,2000
https://shikimori.one/mangas/z1257-higurashi-no-naku-koro-ni-onikakushi-hen,Higurashi no Naku Koro ni: Onikakushi-hen,Когда плачут цикады: Глава о похищенных демоном,2005
https://shikimori.one/mangas/118646-why-raeliana-ended-up-at-the-duke-s-mansion,Why Raeliana Ended Up at the Duke's Mansion,Невеста герцога по контракту,2017
https://shikimori.one/mangas/4945-ginga-nagareboshi-gin,Ginga Nagareboshi Gin,Легенда о Серебряном Клыке: Падающая звезда Гин,1983
https://shikimori.one/mangas/63535-amaama-to-inazuma,Amaama to Inazuma,Дуэт и вспышка молнии,2013
https://shikimori.one/mangas/11652-kuroko-no-basket,Kuroko no Basket,Баскетбол Куроко,2008
https://shikimori.one/mangas/107875-cheese-in-the-trap-season-3,Cheese in the Trap Season 3,Сыр в мышеловке 3,2013
https://shikimori.one/mangas/80281-girls-panzer-ribbon-no-musha,Girls & Panzer: Ribbon no Musha,Девушки и танки: Воительница с красным бантом,2014
https://shikimori.one/mangas/13702-tonari-no-kaibutsu-kun,Tonari no Kaibutsu-kun,Чудовище за соседней партой,2008
https://shikimori.one/mangas/99969-sabishisugite-lesbian-fuuzoku-ni-ikimashita-report,Sabishisugite Lesbian Fuuzoku ni Ikimashita Report,Моя интимная жизнь с одиночеством,2016
https://shikimori.one/mangas/107948-hitori-koukan-nikki,Hitori Koukan Nikki,Дневник моего личностного роста,2016
https://shikimori.one/mangas/18570-ultra-heaven,Ultra Heaven,Ультрарай,2001
https://shikimori.one/mangas/20554-kocchi-muite-miiko,Kocchi Muite! Miiko,"Иди сюда, Миико!",1995
https://shikimori.one/mangas/1149-hokuto-no-ken,Hokuto no Ken,Кулак Северной звезды,1983
https://shikimori.one/mangas/655-boku-no-chikyuu-wo-mamotte,Boku no Chikyuu wo Mamotte,"Пожалуйста, спасите мою Землю!",1987
https://shikimori.one/mangas/10447-getter-robo-go,Getter Robo Go,Робот Геттер Го,1991
https://shikimori.one/mangas/393-kindaichi-shounen-no-jikenbo-file-series,Kindaichi Shounen no Jikenbo: File Series,Дело ведёт юный детектив Киндаити,1992
https://shikimori.one/mangas/22986-ran-to-haiiro-no-sekai,Ran to Haiiro no Sekai,Ран и серый мир вокруг,2008
https://shikimori.one/mangas/674-majin-tantei-nougami-neuro,Majin Tantei Nougami Neuro,Нейро Ногами — Детектив из Ада,2005
https://shikimori.one/mangas/26178-donten-ni-warau,Donten ni Warau,Облачный смех,2010
https://shikimori.one/mangas/29983-noblesse,Noblesse,Дворянство,2007
https://shikimori.one/mangas/48025-magi-sinbad-no-bouken,Magi: Sinbad no Bouken,Маги: Приключение Синдбада,2013
https://shikimori.one/mangas/928-pocket-monsters-special,Pocket Monsters Special,Приключения покемонов,1997
https://shikimori.one/mangas/80091-yahari-ore-no-seishun-love-comedy-wa-machigatteiru-comic,Yahari Ore no Seishun Love Comedy wa Machigatteiru. @comic,"Как и ожидалось, моя школьная романтическая жизнь не удалась",2012
https://shikimori.one/mangas/80841-hakumei-to-mikochi,Hakumei to Mikochi,Хакумэй и Микоти,2011
https://shikimori.one/mangas/160786-boruto-two-blue-vortex,Boruto: Two Blue Vortex,Боруто: Два синих вихря,2023
https://shikimori.one/mangas/27-x,X,Икс,1992
https://shikimori.one/mangas/110485-shuumatsu-no-walk-re,Shuumatsu no Walküre,Повесть о конце света,2017
https://shikimori.one/mangas/27029-ouran-koukou-host-club-university-special,Ouran Koukou Host Club University Special,Клуб свиданий старшей школы Оран: Университет,2011
https://shikimori.one/mangas/564-gantz,Gantz,Ганц,2000
https://shikimori.one/mangas/z36933-ore-monogatari,Ore Monogatari!!,Моя история!,2011
https://shikimori.one/mangas/591-koukou-debut,Koukou Debut,Школьный дебют,2003
https://shikimori.one/mangas/872-jojo-no-kimyou-na-bouken-part-3-stardust-crusaders,JoJo no Kimyou na Bouken Part 3: Stardust Crusaders,Невероятное приключение ДжоДжо — Часть 3: Рыцари звёздной пыли,1989
https://shikimori.one/mangas/988-shijou-saikyou-no-deshi-kenichi,Shijou Saikyou no Deshi Kenichi,Сильнейший в истории ученик Кэнъити,2002
https://shikimori.one/mangas/1320-the-ravages-of-time,The Ravages of Time,Разрушительное действие времени,2001
https://shikimori.one/mangas/13271-saraiya-goyou,Saraiya Goyou,Дом Пяти Листьев,2005
https://shikimori.one/mangas/41435-k-memory-of-red,K: Memory of Red,К: Воспоминания о красном,2012
https://shikimori.one/mangas/115710-jujutsu-kaisen-0-tokyo-toritsu-jujutsu-koutou-senmon-gakkou,Jujutsu Kaisen 0: Tokyo Toritsu Jujutsu Koutou Senmon Gakkou,Магическая битва 0: Токийская столичная магическо-техническая школа,2017
https://shikimori.one/mangas/75989-boku-no-hero-academia,Boku no Hero Academia,Моя геройская академия,2014
https://shikimori.one/mangas/106204-majo-to-yajuu,Majo to Yajuu,Ведьма и чудовище,2016
https://shikimori.one/mangas/112807-boku-no-kokoro-no-yabai-yatsu,Boku no Kokoro no Yabai Yatsu,Опасность в моём сердце,2018
https://shikimori.one/mangas/59669-steins-gate-eigou-kaiki-no-pandora,Steins;Gate: Eigou Kaiki no Pandora,Врата Штейна: Пандора вечного возвращения,2014
https://shikimori.one/mangas/131799-romance-101,Romance 101,Идеальные отношения для чайников,2018
https://shikimori.one/mangas/120250-ponkotsu-ponko,Ponkotsu Ponko,Бесполезная Понко,2019
https://shikimori.one/mangas/131008-a-stepmother-s-marchen,A Stepmother's Marchen,Небылица мачехи,2019
https://shikimori.one/mangas/649-gunslinger-girl,Gunslinger Girl,Школа убийц,2002
https://shikimori.one/mangas/124094-jibaku-shounen-hanako-kun-0,Jibaku Shounen Hanako-kun 0,Туалетный мальчик Ханако 0,2014
https://shikimori.one/mangas/908-soul-eater,Soul Eater,Пожиратель душ,2003
https://shikimori.one/mangas/153158-telework-yotabanashi,Telework Yotabanashi,Глупая история об удалённой работе,2020
https://shikimori.one/mangas/17152-one-piece-strong-world,One Piece: Strong World,Ван-Пис: Жестокий мир — Глава 0,2009
https://shikimori.one/mangas/633-beauty-pop,Beauty Pop,Популярность красоты,2003
https://shikimori.one/mangas/89467-hitoribocchi-no-seikatsu,Hitoribocchi no ○○ Seikatsu,Жизнь не в одиночку,2013
https://shikimori.one/mangas/78537-karakai-jouzu-no-takagi-san,Karakai Jouzu no Takagi-san,Озорная Такаги,2012
https://shikimori.one/mangas/108187-karakai-jouzu-no-moto-takagi-san,Karakai Jouzu no (Moto) Takagi-san,Озорная (в прошлом) Такаги,2017
https://shikimori.one/mangas/670-bokurano,Bokurano,Наше,2003
https://shikimori.one/mangas/1659-five-star-stories,Five Star Stories,Хроники пяти звёзд,1986
https://shikimori.one/mangas/120875-your-letter,Your Letter,Твоё письмо,2018
https://shikimori.one/mangas/24457-mahou-shoujo-madoka-magica,Mahou Shoujo Madoka★Magica,Девочка-волшебница Мадока★Волшебство,2011
https://shikimori.one/mangas/1076-vagrant-soldier-ares,Vagrant Soldier Ares,Странствующий воин Арес,2001
https://shikimori.one/mangas/62671-gekijouban-mahou-shoujo-madoka-magica-shinpen-hangyaku-no-monogatari,Gekijouban Mahou Shoujo Madoka★Magica: Shinpen - Hangyaku no Monogatari,Девочка-волшебница Мадока★Волшебство: История восстания,2013
https://shikimori.one/mangas/12917-shaman-king-kanzenban,Shaman King Kanzenban,Король-шаман. Переиздание,2008
https://shikimori.one/mangas/24903-gangsta,Gangsta.,Гангста,2011
https://shikimori.one/mangas/3868-shigurui,Shigurui,Одержимые смертью,2003
https://shikimori.one/mangas/118232-watashi-no-shiawase-na-kekkon,Watashi no Shiawase na Kekkon,Мой счастливый брак,2018
https://shikimori.one/mangas/117332-suki-na-ko-ga-megane-wo-wasureta,Suki na Ko ga Megane wo Wasureta,Моя возлюбленная забыла свои очки,2018
https://shikimori.one/mangas/9705-ginga-tetsudou-999-1996,Ginga Tetsudou 999 (1996),Галактический экспресс 999: Вечная фантазия,1996
https://shikimori.one/mangas/1092-gokusen,Gokusen,Гокусэн,1999
https://shikimori.one/mangas/1211-ore-to-akuma-no-blues,Ore to Akuma no Blues,Я и дьявольский блюз,2003
https://shikimori.one/mangas/62723-noragami-shuuishuu,Noragami: Shuuishuu,Бездомный бог: Экстра,2011
https://shikimori.one/mangas/107417-cheese-in-the-trap-season-2,Cheese in the Trap Season 2,Сыр в мышеловке 2,2011
https://shikimori.one/mangas/4423-oooku,Oooku,Ооку: Внутренние покои,2004
https://shikimori.one/mangas/55163-gakkougurashi,Gakkougurashi!,Школьная жизнь!,2012
https://shikimori.one/mangas/3574-tobaku-datenroku-kaiji,Tobaku Datenroku Kaiji,Кайдзи: Хроники азартных игр,2004
https://shikimori.one/mangas/61097-baraou-no-souretsu,Baraou no Souretsu,Похороны Короля Роз,2013
https://shikimori.one/mangas/41629-hyouka,Hyouka,Хёка,2012
https://shikimori.one/mangas/648-dogs-bullets-carnage,Dogs: Bullets & Carnage,Псы: Пули и резня,2005
https://shikimori.one/mangas/19980-koi-dano-ai-dano,Koi dano Ai dano,"То ли любовь, то ли симпатия",2009
https://shikimori.one/mangas/59893-tanaka-kun-wa-itsumo-kedaruge,Tanaka-kun wa Itsumo Kedaruge,Всегда вялый Танака-кун,2013
https://shikimori.one/mangas/1741-worst,Worst,Отбросы,2001
https://shikimori.one/mangas/3282-hotarubi-no-mori-e,Hotarubi no Mori e,"В лес, где мерцают светлячки",2002
https://shikimori.one/mangas/8742-ashita-no-ousama,Ashita no Ousama,Король завтрашнего дня,1996
https://shikimori.one/mangas/5775-yamamoto-zenjirou-to-moushimasu,Yamamoto Zenjirou to Moushimasu,Меня зовут Дзэндзиро Ямамото,2007
https://shikimori.one/mangas/11914-adekan,Adekan,Красавчик,2007
https://shikimori.one/mangas/121209-houkago-shounen-hanako-kun,Houkago Shounen Hanako-kun,"Ханако, призрак с внеклассными историями",2018
https://shikimori.one/mangas/10330-oboreru-knife,Oboreru Knife,Упавший нож,2004
https://shikimori.one/mangas/z1260-higurashi-no-naku-koro-ni-tatarigoroshi-hen,Higurashi no Naku Koro ni: Tatarigoroshi-hen,Когда плачут цикады: Глава о смертельном проклятии,2005
https://shikimori.one/mangas/1362-hidamari-sketch,Hidamari Sketch,Наброски Хидамари,2004
https://shikimori.one/mangas/z35003-yamada-kun-to-7-nin-no-majo,Yamada-kun to 7-nin no Majo,Ямада-кун и семь ведьм,2012
https://shikimori.one/mangas/113671-winter-woods,Winter Woods,Зимний лес,2014
https://shikimori.one/mangas/6997-clannad-hikaru-mimamoru-sakamichi-de,Clannad: Hikaru Mimamoru Sakamichi de,Кланнад: Другая история,2007
https://shikimori.one/mangas/128072-zense-coupling,Zense Coupling,Связанные прошлой жизнью,2018
https://shikimori.one/mangas/17517-steins-gate,Steins;Gate,Врата Штейна,2009
https://shikimori.one/mangas/15104-kingdom-hearts-358-2-days,Kingdom Hearts: 358/2 Days,Королевство сердец: 358/2 дней,2009
https://shikimori.one/mangas/25245-zoku-hoshi-mamoru-inu,Zoku Hoshi Mamoru Inu,"Пёс, смотрящий на звёзды 2",2009
https://shikimori.one/mangas/123475-the-remarried-empress,The Remarried Empress,Второй брак императрицы,2019
https://shikimori.one/mangas/10179-chichi-no-koyomi,Chichi no Koyomi,Дневник моего отца,1994
https://shikimori.one/mangas/13290-ningen-shikkaku,Ningen Shikkaku,Исповедь «неполноценного» человека,2009
https://shikimori.one/mangas/14978-saiyuuki-reload-blast,Saiyuuki Reload Blast,Саюки: Новый взрыв,2009
https://shikimori.one/mangas/116539-subete-no-jinrui-wo-hakai-suru-sorera-wa-saisei-dekinai,Subete no Jinrui wo Hakai suru. Sorera wa Saisei Dekinai.,Уничтожьте всё человечество. Оно не может быть регенерировано,2018
https://shikimori.one/mangas/104271-chi-no-wadachi,Chi no Wadachi,Кровавый след,2017
https://shikimori.one/mangas/130661-josee-to-tora-to-sakana-tachi,Josee to Tora to Sakana-tachi,"Жозе, тигр и рыба",2020
https://shikimori.one/mangas/1184-rough,Rough,Тернистый путь,1987
https://shikimori.one/mangas/80719-re-zero-kara-hajimeru-isekai-seikatsu-dai-2-shou-yashiki-no-isshuukan-hen,Re:Zero kara Hajimeru Isekai Seikatsu: Dai-2 Shou - Yashiki no Isshuukan-hen,Re:Zero. Жизнь с нуля в альтернативном мире — Глава вторая. История «Первой недели»,2014
https://shikimori.one/mangas/152907-museru-kurai-no-ai-wo-ageru,Museru kurai no Ai wo Ageru,"Я дам тебе столько любви, что ты задохнёшься",2022
https://shikimori.one/mangas/1474-devilman,Devilman,Человек-дьявол,1972
https://shikimori.one/mangas/50027-about-death,About Death,Жизнь и смерть,2012
https://shikimori.one/mangas/24339-ouran-koukou-host-club-short-special,Ouran Koukou Host Club Short Special,Клуб свиданий старшей школы Оран: Спецвыпуск,2010
https://shikimori.one/mangas/84559-nekota-no-koto-ga-kininatte-shikatanai,Nekota no Koto ga Kininatte Shikatanai.,"Я настолько заинтересована Нэкотой, что ничего не могу с собой поделать",2013
https://shikimori.one/mangas/25250-voynich-hotel,Voynich Hotel,Отель «Войнич»,2006
https://shikimori.one/mangas/976-vampire-juujikai,Vampire Juujikai,Запись падшего вампира,2003
https://shikimori.one/mangas/41697-ghost-hunt-akumu-no-sumu-ie,Ghost Hunt: Akumu no Sumu Ie,"Охота на привидений: Дом, где живут ночные кошмары",2012
https://shikimori.one/mangas/4207-boku-no-hatsukoi-wo-kimi-ni-sasagu,Boku no Hatsukoi wo Kimi ni Sasagu,Я дарю тебе свою первую любовь,2005
https://shikimori.one/mangas/1216-gokinjo-monogatari,Gokinjo Monogatari,Соседские истории,1995
https://shikimori.one/mangas/136975-unmei-no-hito-ni-deau-hanashi,Unmei no Hito ni Deau Hanashi,"Ты единственный, в кого мне суждено влюбиться",2021
https://shikimori.one/mangas/1605-shoukoku-no-altair,Shoukoku no Altair,Империя Альтаир,2007
https://shikimori.one/mangas/14633-seiyuu-ka,Seiyuu Ka!,Сэйюка!,2009
https://shikimori.one/mangas/123038-touhou-suichouka-lotus-eater-tachi-no-suisei,Touhou Suichouka: Lotus Eater-tachi no Suisei,Тохо Суйтёка: Пьянство и трезвость поедателей лотоса,2019
https://shikimori.one/mangas/59961-aoharu-x-kikanjuu,Aoharu x Kikanjuu,Синяя весна и механическая пушка,2012
https://shikimori.one/mangas/17465-omoide-emanon,Omoide Emanon,Воспоминания Эманон,2006
https://shikimori.one/mangas/144695-blue-lock-episode-nagi,Blue Lock: Episode Nagi,Синяя тюрьма: Блю Лок — Эпизод с Наги,2022
https://shikimori.one/mangas/442-tekkon-kinkreet,Tekkon Kinkreet,Железобетон,1993
https://shikimori.one/mangas/1506-sunadokei,Sunadokei,Песочные часы,2003
https://shikimori.one/mangas/89553-usemono-yado,Usemono Yado,Дом утрат,2014
https://shikimori.one/mangas/4368-toradora,Toradora!,Торадора!,2007
https://shikimori.one/mangas/102165-tokidoki,Tokidoki,Тик-тук,2016
https://shikimori.one/mangas/105430-senryuu-shoujo,Senryuu Shoujo,Девушка-сэнрю,2016
https://shikimori.one/mangas/142765-mushoku-tensei-isekai-ittara-honki-dasu-shitsui-no-majutsushi-hen,Mushoku Tensei: Isekai Ittara Honki Dasu - Shitsui no Majutsushi-hen,Реинкарнация безработного: История о приключениях в другом мире — Арка подавленного волшебника,2021
https://shikimori.one/mangas/142457-umi-ga-hashiru-end-roll,Umi ga Hashiru End Roll,"Титры заканчиваются там, где море",2020
https://shikimori.one/mangas/19709-gabai-saga-no-gabai-baachan,Gabai: Saga no Gabai Baachan,Моя потрясающая бабушка из Сага,2005
https://shikimori.one/mangas/7630-toshokan-sensou-love-war,Toshokan Sensou: Love & War,Библиотечная война: Любовь и война,2007
https://shikimori.one/mangas/79193-doupo-cangqiong,Doupo Cangqiong,Расколотая битвой синева небес,2012
https://shikimori.one/mangas/148467-super-no-ura-de-yani-suu-futari,Super no Ura de Yani Suu Futari,История о перекуре за супермаркетом,2022
https://shikimori.one/mangas/509-saiyuuki,Saiyuuki,Саюки,1997
https://shikimori.one/mangas/25916-saint-seiya-the-lost-canvas-meiou-shinwa-gaiden,Saint Seiya: The Lost Canvas - Meiou Shinwa Gaiden,Святой Сэйя: Потерянный холст — Гайдэн,2011
https://shikimori.one/mangas/544-shigeshoushi,Shigeshoushi,Бальзамировщик,2002
https://shikimori.one/mangas/112268-sono-bisque-doll-wa-koi-wo-suru,Sono Bisque Doll wa Koi wo Suru,Эта фарфоровая кукла влюбилась,2018
https://shikimori.one/mangas/665-merupuri-marchen-prince,MeruPuri: Marchen☆Prince,Мэрупури: Сказочный принц,2002
https://shikimori.one/mangas/5029-kingyosou,Kingyosou,Безмолвная песня о любви,2005
https://shikimori.one/mangas/139164-viral-hit,Viral Hit,Борьба в прямом эфире,2019
https://shikimori.one/mangas/1067-cesare-hakai-no-souzousha,Cesare: Hakai no Souzousha,Чезаре,2005
https://shikimori.one/mangas/776-ginga-tetsudou-999,Ginga Tetsudou 999,Галактический экспресс 999,1977
https://shikimori.one/mangas/105-kekkaishi,Kekkaishi,Заградители,2004
https://shikimori.one/mangas/52043-chichikogusa,Chichikogusa,Собиратели трав,2013
https://shikimori.one/mangas/11329-mudazumonaki-kaikaku,Mudazumonaki Kaikaku,Легенда о Коидзуми,2006
https://shikimori.one/mangas/407-life,Life,Жизнь,2002
https://shikimori.one/mangas/5820-sumire-16-sai,Sumire♡16-sai!!,"Сумирэ, шестнадцать лет!",2006
https://shikimori.one/mangas/28899-steins-gate-onshuu-no-brownian-motion,Steins;Gate: Onshuu no Brownian Motion,Врата Штейна: Броуновское движение любви и ненависти,2010
https://shikimori.one/mangas/14110-seitokai-yakuindomo,Seitokai Yakuindomo,Члены школьного совета,2007
https://shikimori.one/mangas/128463-uruwashi-no-yoi-no-tsuki,Uruwashi no Yoi no Tsuki,Прекрасная вечерняя луна,2020
